entity:aligned_reads_index_id	pfb:created_datetime	pfb:data_category	pfb:data_format	pfb:data_type	pfb:file_format	pfb:file_md5sum	pfb:file_name	pfb:file_size	pfb:file_state	pfb:file_type	pfb:ga4gh_drs_uri	pfb:md5sum	pfb:object_id	pfb:project_id	pfb:state	pfb:submitted_aligned_reads	pfb:submitter_id	pfb:updated_datetime
0002ce34-0a06-426b-9104-4a0578cfaf8a	2020-10-07T14:02:48.604390+00:00	Sequencing Data	CRAM	Aligned Reads	CRAM	1b3ad8a0bab634829a11adfc965dd0df	HG03197.final.cram	15045663134	registered	Aligned Reads	drs://dg.4503:dg.4503/c64fded3-459b-4fca-82bc-35d154e9aa91	1b3ad8a0bab634829a11adfc965dd0df	drs://dg.4503/c64fded3-459b-4fca-82bc-35d154e9aa91	open_access-1000Genomes	9aa2160c-5bd7-44f2-ac12-b6bb8b695fd8	validated	HG03197_cram	2021-05-05T20:58:36.989339+00:00
0006e97f-5509-478e-be40-d1d289b7744c	2020-10-07T14:02:42.675264+00:00	Sequencing Data	CRAM	Aligned Reads	CRAM	410b37ba3366342bdac2326a4fa90488	HG03721.final.cram	15221783393	registered	Aligned Reads	drs://dg.4503:dg.4503/5c473181-846c-4a24-8bed-a5a6ecdd068d	410b37ba3366342bdac2326a4fa90488	drs://dg.4503/5c473181-846c-4a24-8bed-a5a6ecdd068d	open_access-1000Genomes	fb028215-1958-46f9-baff-566ec23b9fb6	validated	HG03721_cram	2021-05-05T20:58:36.989339+00:00
00353a0f-7116-4c8a-9b26-32de633d28f5	2020-10-07T14:02:55.487738+00:00	Sequencing Data	CRAM	Aligned Reads	CRAM	7481bf8aaf7cd7ec3f9be5a68a1710f7	HG03522.final.cram	16054446381	registered	Aligned Reads	drs://dg.4503:dg.4503/8a14b614-d1fa-4478-859b-2a3d646ba11b	7481bf8aaf7cd7ec3f9be5a68a1710f7	drs://dg.4503/8a14b614-d1fa-4478-859b-2a3d646ba11b	open_access-1000Genomes	073bcd2e-4fcb-4616-b1b5-2ddebd3f6c23	validated	HG03522_cram	2021-05-05T20:58:36.989339+00:00
003a6f81-7d11-4490-bdad-3f7f2d62f758	2020-10-07T14:01:45.560509+00:00	Sequencing Data	CRAM	Aligned Reads	CRAM	81f4f0fa72e3545cba5bcfb5c37a33d5	NA18994.final.cram	17503684472	registered	Aligned Reads	drs://dg.4503:dg.4503/e8033588-70f8-4d49-a3d5-4de6af3a18e0	81f4f0fa72e3545cba5bcfb5c37a33d5	drs://dg.4503/e8033588-70f8-4d49-a3d5-4de6af3a18e0	open_access-1000Genomes	098a87d2-6fae-4c41-9f7e-8192464f045d	validated	NA18994_cram	2021-05-05T20:58:36.989339+00:00
00b3f719-55fd-4be5-a0c4-8e27a6ebb68b	2020-10-07T14:05:54.052719+00:00	Sequencing Data	CRAI	Aligned Reads Index	CRAI	499c5bdcdb0c8f72a49954fac62208a1	HG02142.final.cram.crai	1405543	registered	Aligned Reads Index	drs://dg.4503:dg.4503/6f64fe3d-f62a-46ca-b1f8-77b3754db409	499c5bdcdb0c8f72a49954fac62208a1	drs://dg.4503/6f64fe3d-f62a-46ca-b1f8-77b3754db409	open_access-1000Genomes	validated	d22183ac-2269-4988-92de-e7f59fb0fc23	HG02142_crai	2021-05-05T21:04:11.600109+00:00
00b898c2-1bb0-4d26-a389-7c370e8aaca4	2020-10-07T14:07:34.051570+00:00	Sequencing Data	CRAI	Aligned Reads Index	CRAI	1bfa7aef44300f86847e5d6c57cf4805	NA20356.final.cram.crai	1368064	registered	Aligned Reads Index	drs://dg.4503:dg.4503/6a4dfbfe-5fff-43a6-8824-ffe2990b9180	1bfa7aef44300f86847e5d6c57cf4805	drs://dg.4503/6a4dfbfe-5fff-43a6-8824-ffe2990b9180	open_access-1000Genomes	validated	e5c2ba5b-bbfc-4f96-a18f-cc6d599af145	NA20356_crai	2021-05-05T21:04:11.600109+00:00
00c38711-68bf-4e65-a7cf-201969e29a89	2020-10-07T14:05:17.833139+00:00	Sequencing Data	CRAI	Aligned Reads Index	CRAI	238eb9fce97703ae1b9b6b6aaa00b0f3	HG00622.final.cram.crai	1254920	registered	Aligned Reads Index	drs://dg.4503:dg.4503/1b387791-53fb-48fa-9594-d51953814f19	238eb9fce97703ae1b9b6b6aaa00b0f3	drs://dg.4503/1b387791-53fb-48fa-9594-d51953814f19	open_access-1000Genomes	validated	cd822a58-75d0-4e19-9d16-d04cb8ebe1bb	HG00622_crai	2021-05-05T21:04:11.600109+00:00
00cd257e-66f7-4614-89b3-cb60dff9f19d	2020-10-07T14:08:03.123969+00:00	Sequencing Data	CRAI	Aligned Reads Index	CRAI	a1c0992a39316b7a4cd928860bcacb21	HG01552.final.cram.crai	1296198	registered	Aligned Reads Index	drs://dg.4503:dg.4503/fdb50b7d-f126-4ddb-93f8-6c2d8faf25d3	a1c0992a39316b7a4cd928860bcacb21	drs://dg.4503/fdb50b7d-f126-4ddb-93f8-6c2d8faf25d3	open_access-1000Genomes	validated	db17b8db-41dd-482d-9d9b-8db6e980c309	HG01552_crai	2021-05-05T21:04:11.600109+00:00
00eb3fff-15a6-403e-918d-cc338d20d6d3	2020-10-07T14:07:40.584651+00:00	Sequencing Data	CRAI	Aligned Reads Index	CRAI	91c78edd69237db468723c797d77bd30	NA20525.final.cram.crai	1337382	registered	Aligned Reads Index	drs://dg.4503:dg.4503/4f1de21e-53cf-439e-a867-2179408c2187	91c78edd69237db468723c797d77bd30	drs://dg.4503/4f1de21e-53cf-439e-a867-2179408c2187	open_access-1000Genomes	validated	72d514f4-b9bd-4746-939f-ba1824e16a01	NA20525_crai	2021-05-05T21:04:11.600109+00:00
0117d1e8-42d9-43ed-bb03-057568443f4f	2020-10-07T14:06:57.997587+00:00	Sequencing Data	CRAI	Aligned Reads Index	CRAI	dddc01550f967f9097adae3c6252e785	HG04209.final.cram.crai	1338980	registered	Aligned Reads Index	drs://dg.4503:dg.4503/bf2b854a-17a3-4b3c-aeb2-4f670ceb9e85	dddc01550f967f9097adae3c6252e785	drs://dg.4503/bf2b854a-17a3-4b3c-aeb2-4f670ceb9e85	open_access-1000Genomes	validated	1f91b3c1-7822-4cbc-82e7-2a3516088c10	HG04209_crai	2021-05-05T21:04:11.600109+00:00
011ebfe4-6569-4472-bbfa-f3de425d9e00	2020-10-07T14:07:48.311769+00:00	Sequencing Data	CRAI	Aligned Reads Index	CRAI	b8f5d8cae44ee1260ba57fdc9f1df2f5	NA20799.final.cram.crai	1356656	registered	Aligned Reads Index	drs://dg.4503:dg.4503/320deda5-2e5c-4897-96c8-7dcd790a6769	b8f5d8cae44ee1260ba57fdc9f1df2f5	drs://dg.4503/320deda5-2e5c-4897-96c8-7dcd790a6769	open_access-1000Genomes	validated	d1025176-8716-4544-b671-df61fed177eb	NA20799_crai	2021-05-05T21:04:11.600109+00:00
0133b1a8-6cca-4083-b36d-a0a60a2b84e6	2020-10-07T14:07:33.632802+00:00	Sequencing Data	CRAI	Aligned Reads Index	CRAI	23e585eecd90398d01013cc68dc004f6	NA19463.final.cram.crai	1401953	registered	Aligned Reads Index	drs://dg.4503:dg.4503/8f707906-f7dd-4e51-ae6a-8944d2b39671	23e585eecd90398d01013cc68dc004f6	drs://dg.4503/8f707906-f7dd-4e51-ae6a-8944d2b39671	open_access-1000Genomes	validated	8bc37e32-5605-4e98-9839-824a325fb8a4	NA19463_crai	2021-05-05T21:04:11.600109+00:00
0140a555-a586-4a31-9ce5-92b71a8abf6b	2020-10-07T14:07:26.946072+00:00	Sequencing Data	CRAI	Aligned Reads Index	CRAI	ec216ed8912333952bb139fec19ce935	NA19375.final.cram.crai	1361642	registered	Aligned Reads Index	drs://dg.4503:dg.4503/dcaca0af-63fd-4273-bf13-e03fc10887a1	ec216ed8912333952bb139fec19ce935	drs://dg.4503/dcaca0af-63fd-4273-bf13-e03fc10887a1	open_access-1000Genomes	validated	5ab803b3-c349-4201-a4ef-b1defe7ab2bb	NA19375_crai	2021-05-05T21:04:11.600109+00:00
0162e971-435e-4333-b8ea-2c34f51fa848	2020-10-07T14:06:01.134923+00:00	Sequencing Data	CRAI	Aligned Reads Index	CRAI	fa0d67bb6f91a361d74b44f5df567b23	HG02722.final.cram.crai	1346159	registered	Aligned Reads Index	drs://dg.4503:dg.4503/4d92c70d-1ffb-4ef7-a16e-6b19f4b96a6a	fa0d67bb6f91a361d74b44f5df567b23	drs://dg.4503/4d92c70d-1ffb-4ef7-a16e-6b19f4b96a6a	open_access-1000Genomes	validated	a0ac8b4f-ce8c-4544-9e75-1b1883334c4e	HG02722_crai	2021-05-05T21:04:11.600109+00:00
016881de-28e1-490f-96e0-166c912e2605	2020-10-07T14:06:43.903478+00:00	Sequencing Data	CRAI	Aligned Reads Index	CRAI	09c106bce8bb96af01ba9ffd9df38150	HG03874.final.cram.crai	1432667	registered	Aligned Reads Index	drs://dg.4503:dg.4503/f1f3546f-f6b1-4cf9-b113-6b627f6440d4	09c106bce8bb96af01ba9ffd9df38150	drs://dg.4503/f1f3546f-f6b1-4cf9-b113-6b627f6440d4	open_access-1000Genomes	validated	3b4b59ef-d307-4fa2-9d9c-7eb06a50bd74	HG03874_crai	2021-05-05T21:04:11.600109+00:00
0168e480-5476-4359-b9a6-c9bd52086d0c	2020-10-07T14:06:22.869956+00:00	Sequencing Data	CRAI	Aligned Reads Index	CRAI	478eade59a36d41b72a01103c50efe9f	HG03190.final.cram.crai	1257105	registered	Aligned Reads Index	drs://dg.4503:dg.4503/271735d9-9371-4c7e-aa50-bccef6ad5a45	478eade59a36d41b72a01103c50efe9f	drs://dg.4503/271735d9-9371-4c7e-aa50-bccef6ad5a45	open_access-1000Genomes	validated	17f5e261-3b91-412f-b1fb-18b29f793483	HG03190_crai	2021-05-05T21:04:11.600109+00:00
0175f4e8-a927-4693-9e97-b913f7de3147	2020-10-07T14:08:02.234113+00:00	Sequencing Data	CRAI	Aligned Reads Index	CRAI	7fc6876fb464d7c383948dcc942ad332	HG00444.final.cram.crai	1355998	registered	Aligned Reads Index	drs://dg.4503:dg.4503/85c461ae-fc52-4f04-97db-a24882bb8da6	7fc6876fb464d7c383948dcc942ad332	drs://dg.4503/85c461ae-fc52-4f04-97db-a24882bb8da6	open_access-1000Genomes	validated	d0253650-f822-4db9-9093-31cdd84f1d47	HG00444_crai	2021-05-05T21:04:11.600109+00:00
01803d84-d14e-424d-a334-4a97384ca24c	2020-10-07T14:08:32.360265+00:00	Sequencing Data	CRAI	Aligned Reads Index	CRAI	18d1ed90899532d913bef6e22ce5ab39	NA07045.final.cram.crai	1420849	registered	Aligned Reads Index	drs://dg.4503:dg.4503/ee8bf1e3-7906-444b-9f9f-8b4174d9e4c6	18d1ed90899532d913bef6e22ce5ab39	drs://dg.4503/ee8bf1e3-7906-444b-9f9f-8b4174d9e4c6	open_access-1000Genomes	validated	9167c120-35b6-4a5a-bf12-a792b153353f	NA07045_crai	2021-05-05T21:04:11.600109+00:00
0187ea95-517f-4f2d-b532-f8dd657f701c	2020-10-07T14:07:33.632802+00:00	Sequencing Data	CRAI	Aligned Reads Index	CRAI	286e36a034ccf60dbb1644513ab1f70f	NA19649.final.cram.crai	1224258	registered	Aligned Reads Index	drs://dg.4503:dg.4503/dc7204e9-f50b-421a-aa52-e54598ff1644	286e36a034ccf60dbb1644513ab1f70f	drs://dg.4503/dc7204e9-f50b-421a-aa52-e54598ff1644	open_access-1000Genomes	validated	26c28ff0-bd21-42d5-adae-108f84bac42c	NA19649_crai	2021-05-05T21:04:11.600109+00:00
01afca49-34da-4e74-bcfe-baedd389f35c	2020-10-07T14:05:46.721974+00:00	Sequencing Data	CRAI	Aligned Reads Index	CRAI	2522d7fca854e9551c4d6ec74512630e	HG01933.final.cram.crai	1383950	registered	Aligned Reads Index	drs://dg.4503:dg.4503/0b174b1b-d30f-4133-a70b-f3157305f404	2522d7fca854e9551c4d6ec74512630e	drs://dg.4503/0b174b1b-d30f-4133-a70b-f3157305f404	open_access-1000Genomes	validated	17748e3a-bdd6-4059-b7da-59d2ee650575	HG01933_crai	2021-05-05T21:04:11.600109+00:00
01bef9a0-506b-4247-bb1b-a5fe7463895e	2020-10-07T14:07:55.223342+00:00	Sequencing Data	CRAI	Aligned Reads Index	CRAI	13698698952a5d76cc7211433bfc5063	HG00694.final.cram.crai	1350282	registered	Aligned Reads Index	drs://dg.4503:dg.4503/ded85c8a-79a6-44cf-8bcd-8a891c3a30fa	13698698952a5d76cc7211433bfc5063	drs://dg.4503/ded85c8a-79a6-44cf-8bcd-8a891c3a30fa	open_access-1000Genomes	validated	953a4d13-1e4f-49ec-9c9b-818c77e03058	HG00694_crai	2021-05-05T21:04:11.600109+00:00
01c2653c-387e-4764-93bc-609a9c68ea9d	2020-10-07T14:08:39.269435+00:00	Sequencing Data	CRAI	Aligned Reads Index	CRAI	c501e126b4f5678060b981864173ad30	NA12056.final.cram.crai	1285816	registered	Aligned Reads Index	drs://dg.4503:dg.4503/a4e5378e-8553-47c7-83b1-ccb803b76dc9	c501e126b4f5678060b981864173ad30	drs://dg.4503/a4e5378e-8553-47c7-83b1-ccb803b76dc9	open_access-1000Genomes	validated	e7bf0bee-e7ca-47f3-93f0-b7f35b78b827	NA12056_crai	2021-05-05T21:04:11.600109+00:00
01c8e0e7-73b6-4047-87b7-a480be75aa25	2020-10-07T14:05:31.545027+00:00	Sequencing Data	CRAI	Aligned Reads Index	CRAI	37ba57e4149b2dafd6253c4e495c38d2	HG01311.final.cram.crai	1402736	registered	Aligned Reads Index	drs://dg.4503:dg.4503/f4fa9349-4355-4772-ba47-bf230a6ab659	37ba57e4149b2dafd6253c4e495c38d2	drs://dg.4503/f4fa9349-4355-4772-ba47-bf230a6ab659	open_access-1000Genomes	validated	1feac8f1-6bf2-4afd-a3d5-b4a65345d764	HG01311_crai	2021-05-05T21:04:11.600109+00:00
01da50e6-2dfa-4765-87c1-1c012b331c52	2020-10-07T14:05:03.211248+00:00	Sequencing Data	CRAI	Aligned Reads Index	CRAI	2ddb4bc2f5ba9d4e27a3492b85d79974	HG00154.final.cram.crai	1386709	registered	Aligned Reads Index	drs://dg.4503:dg.4503/571b742f-e8fc-4fc3-8bbf-2f1603c8f2ce	2ddb4bc2f5ba9d4e27a3492b85d79974	drs://dg.4503/571b742f-e8fc-4fc3-8bbf-2f1603c8f2ce	open_access-1000Genomes	validated	b47c77dc-7da8-4cf6-abc2-9794ba5be807	HG00154_crai	2021-05-05T21:04:11.600109+00:00
01e8ef6e-597b-43ad-bd0f-2a03c27de8ec	2020-10-07T14:06:15.916141+00:00	Sequencing Data	CRAI	Aligned Reads Index	CRAI	ac906e4c30c8beef9ffb11e8f4f191f9	HG03006.final.cram.crai	1587598	registered	Aligned Reads Index	drs://dg.4503:dg.4503/95817501-760b-4136-9836-ff1ae9c90f6d	ac906e4c30c8beef9ffb11e8f4f191f9	drs://dg.4503/95817501-760b-4136-9836-ff1ae9c90f6d	open_access-1000Genomes	validated	e42da87e-0813-4e3c-be02-456d9bce2817	HG03006_crai	2021-05-05T21:04:11.600109+00:00
020d294f-ad73-4a88-9e14-fa85e7c873e7	2020-10-07T14:08:02.166279+00:00	Sequencing Data	CRAI	Aligned Reads Index	CRAI	4306f7494ee32823853cf851d7d9d40f	HG01496.final.cram.crai	1300238	registered	Aligned Reads Index	drs://dg.4503:dg.4503/a60dce0d-04e8-490f-83ca-58cf38dd88b7	4306f7494ee32823853cf851d7d9d40f	drs://dg.4503/a60dce0d-04e8-490f-83ca-58cf38dd88b7	open_access-1000Genomes	validated	ad519986-a367-4f82-88dd-222b55df09c0	HG01496_crai	2021-05-05T21:04:11.600109+00:00
024090a7-0d4b-426a-9905-b9c3378064d4	2020-10-07T14:06:08.629726+00:00	Sequencing Data	CRAI	Aligned Reads Index	CRAI	3268dcb4e573906d7c5c7e92300d7192	HG02570.final.cram.crai	1391077	registered	Aligned Reads Index	drs://dg.4503:dg.4503/e21ab62c-334a-46ee-a7ce-aa0db915ddbf	3268dcb4e573906d7c5c7e92300d7192	drs://dg.4503/e21ab62c-334a-46ee-a7ce-aa0db915ddbf	open_access-1000Genomes	validated	7a039c8f-c334-4db0-b59c-55fbcdeec40c	HG02570_crai	2021-05-05T21:04:11.600109+00:00
02550048-1b49-4ebf-8d81-f92f570bfb81	2020-10-07T14:06:59.325379+00:00	Sequencing Data	CRAI	Aligned Reads Index	CRAI	a408fa3f6afad5232bea6a4dbb0582f7	NA11840.final.cram.crai	1417634	registered	Aligned Reads Index	drs://dg.4503:dg.4503/1d97dd7d-c2ad-4d05-aeb8-8e7465165edc	a408fa3f6afad5232bea6a4dbb0582f7	drs://dg.4503/1d97dd7d-c2ad-4d05-aeb8-8e7465165edc	open_access-1000Genomes	validated	380f7034-7b1c-4edf-8bf2-0fccc06143fa	NA11840_crai	2021-05-05T21:04:11.600109+00:00
0273b86f-b488-4e95-914d-151b04562b31	2020-10-07T14:05:25.149649+00:00	Sequencing Data	CRAI	Aligned Reads Index	CRAI	6bd606d9f2f32504d255857624796d0e	HG01272.final.cram.crai	1360224	registered	Aligned Reads Index	drs://dg.4503:dg.4503/5dad70fa-ea20-40a1-872f-ab513de8ac13	6bd606d9f2f32504d255857624796d0e	drs://dg.4503/5dad70fa-ea20-40a1-872f-ab513de8ac13	open_access-1000Genomes	validated	b886a227-6c5c-43b9-9a15-e4a995d62d07	HG01272_crai	2021-05-05T21:04:11.600109+00:00
02743330-c49f-47e5-8406-330b503b1af8	2020-10-07T14:05:31.545027+00:00	Sequencing Data	CRAI	Aligned Reads Index	CRAI	2801b32a291b0fd789c9988be790ee1c	HG01284.final.cram.crai	1354775	registered	Aligned Reads Index	drs://dg.4503:dg.4503/2387b7d5-60a7-47a1-ac6d-93e57f8e9140	2801b32a291b0fd789c9988be790ee1c	drs://dg.4503/2387b7d5-60a7-47a1-ac6d-93e57f8e9140	open_access-1000Genomes	validated	8502fd32-95b6-4221-b519-4e25e38fa750	HG01284_crai	2021-05-05T21:04:11.600109+00:00
0297aa5f-b281-4ae8-95f6-18dfb605e553	2020-10-07T14:05:25.149649+00:00	Sequencing Data	CRAI	Aligned Reads Index	CRAI	b1f7e4da73670035e165a4dc70d0189b	HG01269.final.cram.crai	1397476	registered	Aligned Reads Index	drs://dg.4503:dg.4503/fd303403-f28c-496c-bdb3-85af4c639b0a	b1f7e4da73670035e165a4dc70d0189b	drs://dg.4503/fd303403-f28c-496c-bdb3-85af4c639b0a	open_access-1000Genomes	validated	14a7e7bc-8e5d-4bd6-abac-22640fd2c0bb	HG01269_crai	2021-05-05T21:04:14.525028+00:00
02bb8f2d-230c-46a5-9fd4-5b698c55c11c	2020-10-07T14:07:32.650539+00:00	Sequencing Data	CRAI	Aligned Reads Index	CRAI	f284014485f12e52b2ae8c0ad01a6f33	NA19430.final.cram.crai	1338415	registered	Aligned Reads Index	drs://dg.4503:dg.4503/9110ffb1-1dd3-4019-bdac-6a195768de26	f284014485f12e52b2ae8c0ad01a6f33	drs://dg.4503/9110ffb1-1dd3-4019-bdac-6a195768de26	open_access-1000Genomes	validated	3c6a0b84-25fc-440a-a4a7-b948fb3cc132	NA19430_crai	2021-05-05T21:04:14.525028+00:00
02c0b220-e662-47f5-ac89-33b16dd3addf	2020-10-07T14:08:18.204673+00:00	Sequencing Data	CRAI	Aligned Reads Index	CRAI	6865b079c5f786698dffdfff6b325b71	HG03116.final.cram.crai	1410521	registered	Aligned Reads Index	drs://dg.4503:dg.4503/e9765400-e666-41e6-9f95-e69b6597a4b9	6865b079c5f786698dffdfff6b325b71	drs://dg.4503/e9765400-e666-41e6-9f95-e69b6597a4b9	open_access-1000Genomes	validated	38cd727d-5276-4227-a803-d9a9e16cf96c	HG03116_crai	2021-05-05T21:04:14.525028+00:00
02c9c09f-5dd1-43ff-a01e-2cccf98f3bb9	2020-10-07T14:08:46.187851+00:00	Sequencing Data	CRAI	Aligned Reads Index	CRAI	797b803bc63a186490ece6d7cc4398b6	NA18854.final.cram.crai	1427543	registered	Aligned Reads Index	drs://dg.4503:dg.4503/1667d704-61a8-4e07-8384-5e1b7e7eadd2	797b803bc63a186490ece6d7cc4398b6	drs://dg.4503/1667d704-61a8-4e07-8384-5e1b7e7eadd2	open_access-1000Genomes	validated	ae748e83-8c7c-4468-ac42-01cc5f65356d	NA18854_crai	2021-05-05T21:04:14.525028+00:00
02d63cf1-0d49-4c86-af57-1c533dd471e2	2020-10-07T14:07:26.946072+00:00	Sequencing Data	CRAI	Aligned Reads Index	CRAI	c96e937669c5a483cd9b296187c68675	NA19390.final.cram.crai	1284752	registered	Aligned Reads Index	drs://dg.4503:dg.4503/a515a4a4-59fa-4eaa-96b0-4e0c8415a6c3	c96e937669c5a483cd9b296187c68675	drs://dg.4503/a515a4a4-59fa-4eaa-96b0-4e0c8415a6c3	open_access-1000Genomes	validated	b8a1647f-f37c-4049-8966-f546f7e0211f	NA19390_crai	2021-05-05T21:04:14.525028+00:00
02dd54a8-8618-4207-b7fa-44cc0d157980	2020-10-07T14:06:57.997587+00:00	Sequencing Data	CRAI	Aligned Reads Index	CRAI	cb04f363bf9922001b0c8c4bbab27d4d	HG04214.final.cram.crai	1588127	registered	Aligned Reads Index	drs://dg.4503:dg.4503/2a37f7be-df18-4b85-bfaf-3baef9e15dda	cb04f363bf9922001b0c8c4bbab27d4d	drs://dg.4503/2a37f7be-df18-4b85-bfaf-3baef9e15dda	open_access-1000Genomes	validated	8773e2a5-b0e5-46d5-8838-b4f78ac3e24a	HG04214_crai	2021-05-05T21:04:14.525028+00:00
02e276e7-9782-4efd-8463-10e307d7837a	2020-10-07T14:05:25.106546+00:00	Sequencing Data	CRAI	Aligned Reads Index	CRAI	18ca9ea7e2af568803bd1f061a06c8a4	HG01384.final.cram.crai	1323018	registered	Aligned Reads Index	drs://dg.4503:dg.4503/2c6eb0d6-4e23-4af8-bbe9-513146646f41	18ca9ea7e2af568803bd1f061a06c8a4	drs://dg.4503/2c6eb0d6-4e23-4af8-bbe9-513146646f41	open_access-1000Genomes	validated	fe9f51b2-4b66-4779-9af8-3ed084cf08b0	HG01384_crai	2021-05-05T21:04:14.525028+00:00
02f2fd58-11a4-4410-a90e-4fa11266ee13	2020-10-07T14:08:25.033048+00:00	Sequencing Data	CRAI	Aligned Reads Index	CRAI	b6cc9802b74aa5135b57678d771f8bd0	HG02856.final.cram.crai	1373595	registered	Aligned Reads Index	drs://dg.4503:dg.4503/b11aa88e-8546-4bcf-a3ef-7c8f17283c41	b6cc9802b74aa5135b57678d771f8bd0	drs://dg.4503/b11aa88e-8546-4bcf-a3ef-7c8f17283c41	open_access-1000Genomes	validated	1def5016-5b21-496d-9c22-91af4508c6ba	HG02856_crai	2021-05-05T21:04:14.525028+00:00
02ff8c0e-d3fa-407c-b852-d3466ebd7225	2020-10-07T14:08:52.921242+00:00	Sequencing Data	CRAI	Aligned Reads Index	CRAI	8f5256a6223fa5b89c7046624296c65c	NA19919.final.cram.crai	1409714	registered	Aligned Reads Index	drs://dg.4503:dg.4503/f4a42f32-c990-469f-85f2-7e4f43177f73	8f5256a6223fa5b89c7046624296c65c	drs://dg.4503/f4a42f32-c990-469f-85f2-7e4f43177f73	open_access-1000Genomes	validated	e768b4ab-cd57-4880-b87d-0719b5f15fb2	NA19919_crai	2021-05-05T21:04:14.525028+00:00
0308243b-108d-494e-8e0a-eba191a183e3	2020-10-07T14:06:08.747620+00:00	Sequencing Data	CRAI	Aligned Reads Index	CRAI	bccd295624b4b7a83549f7d3d9516761	HG02922.final.cram.crai	1320928	registered	Aligned Reads Index	drs://dg.4503:dg.4503/610c6e45-b127-4288-aab5-75d87149747c	bccd295624b4b7a83549f7d3d9516761	drs://dg.4503/610c6e45-b127-4288-aab5-75d87149747c	open_access-1000Genomes	validated	ead727a0-07e3-409c-84c5-1566e9f4f019	HG02922_crai	2021-05-05T21:04:14.525028+00:00
03083802-464c-428d-9615-103269f27475	2020-10-07T14:07:48.311769+00:00	Sequencing Data	CRAI	Aligned Reads Index	CRAI	ec84d7a67fe07934ae270441cb114e4c	NA20795.final.cram.crai	1388305	registered	Aligned Reads Index	drs://dg.4503:dg.4503/185d305e-1c82-45b1-8917-384d0cb3403a	ec84d7a67fe07934ae270441cb114e4c	drs://dg.4503/185d305e-1c82-45b1-8917-384d0cb3403a	open_access-1000Genomes	validated	eb7e6ac9-74e9-4d85-8ced-d3c526285a96	NA20795_crai	2021-05-05T21:04:14.525028+00:00
032b82e2-223c-4894-9ac5-1b0868f7161a	2020-10-07T14:08:39.447488+00:00	Sequencing Data	CRAI	Aligned Reads Index	CRAI	e085c54ebed75342c583b80af44b3695	NA19683.final.cram.crai	1356196	registered	Aligned Reads Index	drs://dg.4503:dg.4503/dcc6f8ab-2619-4fee-bedf-94f458177b4d	e085c54ebed75342c583b80af44b3695	drs://dg.4503/dcc6f8ab-2619-4fee-bedf-94f458177b4d	open_access-1000Genomes	validated	fa575caf-3dab-4569-a47c-711dcaae5857	NA19683_crai	2021-05-05T21:04:14.525028+00:00
032ead26-372d-430c-aca2-8a5cc7fd5965	2020-10-07T14:06:16.233203+00:00	Sequencing Data	CRAI	Aligned Reads Index	CRAI	3f8dcacac9385460931fdb76926fa2f3	HG02687.final.cram.crai	1373246	registered	Aligned Reads Index	drs://dg.4503:dg.4503/da0a81df-83f5-420a-929a-7a0de1340fc4	3f8dcacac9385460931fdb76926fa2f3	drs://dg.4503/da0a81df-83f5-420a-929a-7a0de1340fc4	open_access-1000Genomes	validated	c8276861-0fd5-4b39-8fcb-54523233d194	HG02687_crai	2021-05-05T21:04:14.525028+00:00
034aa36c-b8ba-4b3f-9ed2-844d0417b49b	2020-10-07T14:05:18.119537+00:00	Sequencing Data	CRAI	Aligned Reads Index	CRAI	27d764a409cc9c2b679f0a3614a5f1f4	HG01048.final.cram.crai	1738822	registered	Aligned Reads Index	drs://dg.4503:dg.4503/9bfcb855-abc8-48a0-9833-b827bbf76037	27d764a409cc9c2b679f0a3614a5f1f4	drs://dg.4503/9bfcb855-abc8-48a0-9833-b827bbf76037	open_access-1000Genomes	validated	a2e65b0a-0241-41dd-bc12-e120fc0c7965	HG01048_crai	2021-05-05T21:04:14.525028+00:00
03645cd5-23fe-44e6-bed6-cbd90a00e900	2020-10-07T14:08:39.269435+00:00	Sequencing Data	CRAI	Aligned Reads Index	CRAI	850982f22f70502a7b325b7cd07e79bb	NA10856.final.cram.crai	1343916	registered	Aligned Reads Index	drs://dg.4503:dg.4503/68eea5a6-772e-4656-9569-81f31a578961	850982f22f70502a7b325b7cd07e79bb	drs://dg.4503/68eea5a6-772e-4656-9569-81f31a578961	open_access-1000Genomes	validated	9f8dc8a0-f237-4d90-a052-fed2aae944da	NA10856_crai	2021-05-05T21:04:14.525028+00:00
0366ac13-0544-4d96-9775-deb3a2f95879	2020-10-07T14:07:06.644893+00:00	Sequencing Data	CRAI	Aligned Reads Index	CRAI	66722a96c5c51f016b470976d605e907	NA18565.final.cram.crai	2109518	registered	Aligned Reads Index	drs://dg.4503:dg.4503/839d1c56-3332-4f50-ab07-ffcd9c5c6994	66722a96c5c51f016b470976d605e907	drs://dg.4503/839d1c56-3332-4f50-ab07-ffcd9c5c6994	open_access-1000Genomes	validated	e0c121d9-ed7f-4457-b47d-f2f7ea035aaa	NA18565_crai	2021-05-05T21:04:14.525028+00:00
03c40a1a-3b14-42f6-a426-8bcf5734c94e	2020-10-07T14:08:18.228798+00:00	Sequencing Data	CRAI	Aligned Reads Index	CRAI	67426df295ae50410d43fcc6ed7c9561	HG02590.final.cram.crai	1382016	registered	Aligned Reads Index	drs://dg.4503:dg.4503/c8d03b5f-6bea-46a6-8c5f-048c2b415454	67426df295ae50410d43fcc6ed7c9561	drs://dg.4503/c8d03b5f-6bea-46a6-8c5f-048c2b415454	open_access-1000Genomes	validated	4ce331e3-0a4c-48a6-9a1e-eb9a061c104b	HG02590_crai	2021-05-05T21:04:14.525028+00:00
03e9868c-fea6-4847-8f6e-1d94ee30b577	2020-10-07T14:08:39.401685+00:00	Sequencing Data	CRAI	Aligned Reads Index	CRAI	80c032ae809110df2f5d9f21bf09d4e7	NA12767.final.cram.crai	1354906	registered	Aligned Reads Index	drs://dg.4503:dg.4503/87fe6d61-dc2a-4c66-a5e1-d78ed5fe7556	80c032ae809110df2f5d9f21bf09d4e7	drs://dg.4503/87fe6d61-dc2a-4c66-a5e1-d78ed5fe7556	open_access-1000Genomes	validated	1a0f700a-2bb5-4b91-b71a-6b7ed7696881	NA12767_crai	2021-05-05T21:04:14.525028+00:00
03fc0d8e-eadf-4292-aa26-c52560665c4d	2020-10-07T14:05:03.203101+00:00	Sequencing Data	CRAI	Aligned Reads Index	CRAI	dab82fa0d3dabdbd3dd3ca3cf1fc6c56	HG00338.final.cram.crai	1437426	registered	Aligned Reads Index	drs://dg.4503:dg.4503/bff16e8a-b733-42d4-94f1-bc5ea326b6ea	dab82fa0d3dabdbd3dd3ca3cf1fc6c56	drs://dg.4503/bff16e8a-b733-42d4-94f1-bc5ea326b6ea	open_access-1000Genomes	validated	814072ff-2c78-46d7-b54a-7306f228dfc1	HG00338_crai	2021-05-05T21:04:14.525028+00:00
03fe92c9-3470-4bc1-9e02-ac34fea6929a	2020-10-07T14:07:11.690268+00:00	Sequencing Data	CRAI	Aligned Reads Index	CRAI	1a5d653ecf0b566885744acfff27e3b0	NA18977.final.cram.crai	1335914	registered	Aligned Reads Index	drs://dg.4503:dg.4503/9c8a809d-5f92-420e-ae16-f2de9b565d36	1a5d653ecf0b566885744acfff27e3b0	drs://dg.4503/9c8a809d-5f92-420e-ae16-f2de9b565d36	open_access-1000Genomes	validated	c6fa1afd-7698-4812-a9f9-e00b4111719e	NA18977_crai	2021-05-05T21:04:14.525028+00:00
04481706-807c-4046-9296-73e7f54276c6	2020-10-07T14:06:57.848664+00:00	Sequencing Data	CRAI	Aligned Reads Index	CRAI	cf0fd377da4d97feef32c7b28c9a9a50	NA12873.final.cram.crai	1689432	registered	Aligned Reads Index	drs://dg.4503:dg.4503/13803bd3-646c-4762-a23d-c046c42d8482	cf0fd377da4d97feef32c7b28c9a9a50	drs://dg.4503/13803bd3-646c-4762-a23d-c046c42d8482	open_access-1000Genomes	validated	e8c17917-e5ec-4ec8-b04c-d373341e8c90	NA12873_crai	2021-05-05T21:04:14.525028+00:00
0467e165-8985-43a0-a748-c96be38e66f1	2020-10-07T14:06:01.134923+00:00	Sequencing Data	CRAI	Aligned Reads Index	CRAI	2fc51bf455c038d5eaae10156a3e8699	HG02769.final.cram.crai	1476367	registered	Aligned Reads Index	drs://dg.4503:dg.4503/d56745c2-fac1-4c3f-867e-d0837192f161	2fc51bf455c038d5eaae10156a3e8699	drs://dg.4503/d56745c2-fac1-4c3f-867e-d0837192f161	open_access-1000Genomes	validated	cec28321-5b84-4c85-9671-856e7074460f	HG02769_crai	2021-05-05T21:04:14.525028+00:00
046f2f48-3227-483b-a8b4-80bbdc01420c	2020-10-07T14:07:49.303190+00:00	Sequencing Data	CRAI	Aligned Reads Index	CRAI	aebe88f43b9048673da0fee8c2e880cb	NA20884.final.cram.crai	1262601	registered	Aligned Reads Index	drs://dg.4503:dg.4503/7beb5e38-6b02-4c33-8aa9-586cdd3b3e44	aebe88f43b9048673da0fee8c2e880cb	drs://dg.4503/7beb5e38-6b02-4c33-8aa9-586cdd3b3e44	open_access-1000Genomes	validated	af20bef6-b587-45c9-89fc-e5887cd90ffe	NA20884_crai	2021-05-05T21:04:14.525028+00:00
04911317-a02d-4726-b03d-f33d81941854	2020-10-07T14:06:16.233203+00:00	Sequencing Data	CRAI	Aligned Reads Index	CRAI	9114dd0f9a9225f6306804b9ead20cfd	HG02696.final.cram.crai	1407327	registered	Aligned Reads Index	drs://dg.4503:dg.4503/8be04d42-9b19-407a-88ed-f212dc8d3ba0	9114dd0f9a9225f6306804b9ead20cfd	drs://dg.4503/8be04d42-9b19-407a-88ed-f212dc8d3ba0	open_access-1000Genomes	validated	b3e34c99-bf62-4de4-8ba5-9207e7267a56	HG02696_crai	2021-05-05T21:04:14.525028+00:00
049a2579-a01d-4bd6-8ee4-b738c507652f	2020-10-07T14:07:33.632802+00:00	Sequencing Data	CRAI	Aligned Reads Index	CRAI	ac08d3d6eb0dee15ba97466d0ff33853	NA19473.final.cram.crai	1355758	registered	Aligned Reads Index	drs://dg.4503:dg.4503/a78e3fc3-69d8-4a99-bf6a-49761805f4a8	ac08d3d6eb0dee15ba97466d0ff33853	drs://dg.4503/a78e3fc3-69d8-4a99-bf6a-49761805f4a8	open_access-1000Genomes	validated	94186695-2f52-45da-bf78-ec11b48b6665	NA19473_crai	2021-05-05T21:04:14.525028+00:00
04a4825c-b62e-4362-83f1-9af66226c942	2020-10-07T14:05:38.530502+00:00	Sequencing Data	CRAI	Aligned Reads Index	CRAI	a7b409acdccb660325f63444c70da216	HG01595.final.cram.crai	1391598	registered	Aligned Reads Index	drs://dg.4503:dg.4503/458eb802-24df-4ba2-a3e0-98b3a8e93923	a7b409acdccb660325f63444c70da216	drs://dg.4503/458eb802-24df-4ba2-a3e0-98b3a8e93923	open_access-1000Genomes	validated	f028764a-762b-40d4-975d-0c9b4b3c2124	HG01595_crai	2021-05-05T21:04:14.525028+00:00
04d6624e-7927-46fd-8667-369ceec02a01	2020-10-07T14:08:39.401685+00:00	Sequencing Data	CRAI	Aligned Reads Index	CRAI	4bfc457ddb55c295023d05a6e3cab864	NA12875.final.cram.crai	1327607	registered	Aligned Reads Index	drs://dg.4503:dg.4503/9becf2f2-b46c-48b4-a25e-dc8ccc52b050	4bfc457ddb55c295023d05a6e3cab864	drs://dg.4503/9becf2f2-b46c-48b4-a25e-dc8ccc52b050	open_access-1000Genomes	validated	be194ba5-c133-4c71-a188-b4d939842b45	NA12875_crai	2021-05-05T21:04:14.525028+00:00
04e12aaa-1e23-4e1c-96c9-ae8613be0408	2020-10-07T14:07:56.239623+00:00	Sequencing Data	CRAI	Aligned Reads Index	CRAI	65fda51c3496f7e9c9e4404e2553c89d	HG01252.final.cram.crai	1416014	registered	Aligned Reads Index	drs://dg.4503:dg.4503/2ea25da7-747a-4755-a53e-d25baf136751	65fda51c3496f7e9c9e4404e2553c89d	drs://dg.4503/2ea25da7-747a-4755-a53e-d25baf136751	open_access-1000Genomes	validated	fd72fc06-de9a-40fe-901f-106c9622a3ea	HG01252_crai	2021-05-05T21:04:14.525028+00:00
04e906b2-d576-41ee-a281-a0cfb8a41945	2020-10-07T14:05:10.779274+00:00	Sequencing Data	CRAI	Aligned Reads Index	CRAI	e82cc2c2c87f8b3c1809495bce731de6	HG00183.final.cram.crai	1311896	registered	Aligned Reads Index	drs://dg.4503:dg.4503/30d39666-cd61-4237-9326-34b5b512df1e	e82cc2c2c87f8b3c1809495bce731de6	drs://dg.4503/30d39666-cd61-4237-9326-34b5b512df1e	open_access-1000Genomes	validated	12e4b572-7f34-4e06-af53-359f9dbb6241	HG00183_crai	2021-05-05T21:04:14.525028+00:00
0503eed0-d89e-4d1d-9eba-123391b46720	2020-10-07T14:08:32.360265+00:00	Sequencing Data	CRAI	Aligned Reads Index	CRAI	6ad90bcc136f8beedfe16ed798a05b8d	NA10836.final.cram.crai	1378568	registered	Aligned Reads Index	drs://dg.4503:dg.4503/2b13e01c-e792-4657-943c-73f6fee0ea22	6ad90bcc136f8beedfe16ed798a05b8d	drs://dg.4503/2b13e01c-e792-4657-943c-73f6fee0ea22	open_access-1000Genomes	validated	ae97a463-8bc7-401e-a45c-fb75a7988784	NA10836_crai	2021-05-05T21:04:14.525028+00:00
053e7cc8-bfb4-4254-9a0c-4fb2df53c496	2020-10-07T14:06:36.714163+00:00	Sequencing Data	CRAI	Aligned Reads Index	CRAI	18af9f2aacaf46be84cb5388e6099e35	HG03644.final.cram.crai	1249858	registered	Aligned Reads Index	drs://dg.4503:dg.4503/c38e49b6-291a-4ffe-b7ff-50fb77adafd6	18af9f2aacaf46be84cb5388e6099e35	drs://dg.4503/c38e49b6-291a-4ffe-b7ff-50fb77adafd6	open_access-1000Genomes	validated	747e6785-9d47-47ba-bf7d-8e95773fd844	HG03644_crai	2021-05-05T21:04:17.822350+00:00
054196f6-1e4f-418d-ad17-84ffa83ff34d	2020-10-07T14:06:59.420707+00:00	Sequencing Data	CRAI	Aligned Reads Index	CRAI	7ae5f85a10f11ab31472576e36a62ca7	NA18628.final.cram.crai	1325520	registered	Aligned Reads Index	drs://dg.4503:dg.4503/6e3a31d3-9353-4726-a8f9-224016c6c142	7ae5f85a10f11ab31472576e36a62ca7	drs://dg.4503/6e3a31d3-9353-4726-a8f9-224016c6c142	open_access-1000Genomes	validated	9acac644-efe6-4cb6-9d3f-644afaf57338	NA18628_crai	2021-05-05T21:04:17.822350+00:00
0558bf3c-ccb6-4e7a-9ecb-b3fd15074982	2020-10-07T14:06:16.153144+00:00	Sequencing Data	CRAI	Aligned Reads Index	CRAI	06e070c34d9094ab9c83d45c5a0f13a4	HG03108.final.cram.crai	1661899	registered	Aligned Reads Index	drs://dg.4503:dg.4503/1ed1e443-3035-42bc-807a-5036beaffe45	06e070c34d9094ab9c83d45c5a0f13a4	drs://dg.4503/1ed1e443-3035-42bc-807a-5036beaffe45	open_access-1000Genomes	validated	6fe04968-6350-4816-b6e7-fdc68680a8ff	HG03108_crai	2021-05-05T21:04:17.822350+00:00
056dfcc4-fcd7-49a3-8c85-1d345d44b384	2020-10-07T14:07:49.303190+00:00	Sequencing Data	CRAI	Aligned Reads Index	CRAI	a9e5f87939d90bf45921236509728f05	NA20896.final.cram.crai	1285146	registered	Aligned Reads Index	drs://dg.4503:dg.4503/05923d2e-ab8f-4da3-a2f4-bdc8d532f7cf	a9e5f87939d90bf45921236509728f05	drs://dg.4503/05923d2e-ab8f-4da3-a2f4-bdc8d532f7cf	open_access-1000Genomes	validated	25b83c08-1a7b-4e02-b918-643a41233733	NA20896_crai	2021-05-05T21:04:17.822350+00:00
057b5cbe-ad17-4e85-96d9-60b84ccf3ac1	2020-10-07T14:05:10.830503+00:00	Sequencing Data	CRAI	Aligned Reads Index	CRAI	c2b98f93f1a0428bba57ed4b45b274a9	HG00437.final.cram.crai	1341095	registered	Aligned Reads Index	drs://dg.4503:dg.4503/c72d71f8-7aa8-482b-821d-6c2a423ac53f	c2b98f93f1a0428bba57ed4b45b274a9	drs://dg.4503/c72d71f8-7aa8-482b-821d-6c2a423ac53f	open_access-1000Genomes	validated	4a7377b8-dcb3-4639-9864-6757b612b53b	HG00437_crai	2021-05-05T21:04:17.822350+00:00
057f52fb-6408-4647-8a1d-30ddede2ec99	2020-10-07T14:06:52.331733+00:00	Sequencing Data	CRAI	Aligned Reads Index	CRAI	ea3bffde5e56b59529f0b82644ca76dd	HG04134.final.cram.crai	1408254	registered	Aligned Reads Index	drs://dg.4503:dg.4503/6aacf65b-ac78-4512-8f1d-2a4cd2a7219f	ea3bffde5e56b59529f0b82644ca76dd	drs://dg.4503/6aacf65b-ac78-4512-8f1d-2a4cd2a7219f	open_access-1000Genomes	validated	ce59e136-7c91-4576-a6f3-35cf303fa8ed	HG04134_crai	2021-05-05T21:04:17.822350+00:00
05abd012-6533-40d5-837b-89e5933d473b	2020-10-07T14:07:18.567403+00:00	Sequencing Data	CRAI	Aligned Reads Index	CRAI	fe501094a6f3bb5220ec3e4bb2052e2f	NA19036.final.cram.crai	2010178	registered	Aligned Reads Index	drs://dg.4503:dg.4503/5f44f6ea-fb09-4072-a696-5a959745ed25	fe501094a6f3bb5220ec3e4bb2052e2f	drs://dg.4503/5f44f6ea-fb09-4072-a696-5a959745ed25	open_access-1000Genomes	validated	4cf0767e-f318-4adc-ae22-0ed49277c10d	NA19036_crai	2021-05-05T21:04:17.822350+00:00
05b5ced9-c44b-4ce1-b1f3-a2846a3063d1	2020-10-07T14:06:59.420707+00:00	Sequencing Data	CRAI	Aligned Reads Index	CRAI	d00070b8546b063c39148e64fb028bbf	NA18608.final.cram.crai	1332204	registered	Aligned Reads Index	drs://dg.4503:dg.4503/427c9b07-ac9f-49a6-9c16-7ce5c8def05b	d00070b8546b063c39148e64fb028bbf	drs://dg.4503/427c9b07-ac9f-49a6-9c16-7ce5c8def05b	open_access-1000Genomes	validated	aa5de13f-846e-40e5-abd2-d5c5a5e16a5d	NA18608_crai	2021-05-05T21:04:17.822350+00:00
05d02d8e-8228-4330-92e2-ea98817ab9b2	2020-10-07T14:07:49.458155+00:00	Sequencing Data	CRAI	Aligned Reads Index	CRAI	7cdb05c24b6a43d94cf09fd641ba4c13	HG00535.final.cram.crai	1335204	registered	Aligned Reads Index	drs://dg.4503:dg.4503/f89d2b42-7246-4a64-bf2e-e1f8f3e2082d	7cdb05c24b6a43d94cf09fd641ba4c13	drs://dg.4503/f89d2b42-7246-4a64-bf2e-e1f8f3e2082d	open_access-1000Genomes	validated	0d6ae1d4-b2f8-47a0-a894-63bfc8ddd4e0	HG00535_crai	2021-05-05T21:04:17.822350+00:00
05f0fea7-9408-49d0-b30d-c82fc8e8729f	2020-10-07T14:08:18.532632+00:00	Sequencing Data	CRAI	Aligned Reads Index	CRAI	82282e1f2d7079b8f37d4a192889cf92	HG03308.final.cram.crai	1331544	registered	Aligned Reads Index	drs://dg.4503:dg.4503/5e6c3dde-a52a-45b9-9a59-85aac938e35f	82282e1f2d7079b8f37d4a192889cf92	drs://dg.4503/5e6c3dde-a52a-45b9-9a59-85aac938e35f	open_access-1000Genomes	validated	42bf0093-ac00-470b-82bf-b5973b918745	HG03308_crai	2021-05-05T21:04:17.822350+00:00
05f7beee-ac4f-436a-82f0-46a6953bb174	2020-10-07T14:07:55.223342+00:00	Sequencing Data	CRAI	Aligned Reads Index	CRAI	bbaa743e92f31ca729295da138ebf9eb	HG01056.final.cram.crai	1428226	registered	Aligned Reads Index	drs://dg.4503:dg.4503/38b3e7ab-0b96-4eb0-95fe-4e2224bb5f48	bbaa743e92f31ca729295da138ebf9eb	drs://dg.4503/38b3e7ab-0b96-4eb0-95fe-4e2224bb5f48	open_access-1000Genomes	validated	2de446df-7b75-4e2a-9ac6-6a46406643b2	HG01056_crai	2021-05-05T21:04:17.822350+00:00
060206d7-e527-4854-aaf4-6d007eb883b4	2020-10-07T14:08:02.166279+00:00	Sequencing Data	CRAI	Aligned Reads Index	CRAI	b9da203a52b81643058c0297fdd24cf3	HG01355.final.cram.crai	1401680	registered	Aligned Reads Index	drs://dg.4503:dg.4503/24eb7f9d-ac5e-4eb1-a70e-3b737bd4c976	b9da203a52b81643058c0297fdd24cf3	drs://dg.4503/24eb7f9d-ac5e-4eb1-a70e-3b737bd4c976	open_access-1000Genomes	validated	e86f5f94-2d6d-4fb9-95ba-a06be00a9ee2	HG01355_crai	2021-05-05T21:04:17.822350+00:00
060429df-ea21-4cb6-bfe3-ae5d7f3b439a	2020-10-07T14:06:59.420707+00:00	Sequencing Data	CRAI	Aligned Reads Index	CRAI	a4db0637fa079bb9d831dfea925c5411	NA18615.final.cram.crai	1398341	registered	Aligned Reads Index	drs://dg.4503:dg.4503/0a5f02ed-714e-4e99-a340-6ff336630200	a4db0637fa079bb9d831dfea925c5411	drs://dg.4503/0a5f02ed-714e-4e99-a340-6ff336630200	open_access-1000Genomes	validated	84dd5240-4f57-466e-aee7-19a3813c5698	NA18615_crai	2021-05-05T21:04:17.822350+00:00
061e71a7-8386-422d-ad80-19519b1037ec	2020-10-07T14:07:26.946072+00:00	Sequencing Data	CRAI	Aligned Reads Index	CRAI	1d0e24f5a5e149b1388cdb0251affecc	NA19394.final.cram.crai	1377266	registered	Aligned Reads Index	drs://dg.4503:dg.4503/0fbfa182-f953-406c-92c1-0de0a7ef906d	1d0e24f5a5e149b1388cdb0251affecc	drs://dg.4503/0fbfa182-f953-406c-92c1-0de0a7ef906d	open_access-1000Genomes	validated	6e085e23-bcfc-4f52-ad52-5fe9e5c9c441	NA19394_crai	2021-05-05T21:04:17.822350+00:00
06266fd5-429f-4410-858b-7a5a365975eb	2020-10-07T14:06:36.714163+00:00	Sequencing Data	CRAI	Aligned Reads Index	CRAI	4e93e3a51407932681386dacf22f60d3	HG03615.final.cram.crai	1475993	registered	Aligned Reads Index	drs://dg.4503:dg.4503/b1647482-de67-489d-a4fb-38f4400ad3d7	4e93e3a51407932681386dacf22f60d3	drs://dg.4503/b1647482-de67-489d-a4fb-38f4400ad3d7	open_access-1000Genomes	validated	a10cc869-ddb2-4e4d-b5e3-c3e07ee66ded	HG03615_crai	2021-05-05T21:04:17.822350+00:00
06882601-cbb8-419f-93aa-187e86f1eed3	2020-10-07T14:07:26.946072+00:00	Sequencing Data	CRAI	Aligned Reads Index	CRAI	08bb4a0d72d139bc095a88948eda101d	NA19384.final.cram.crai	1366734	registered	Aligned Reads Index	drs://dg.4503:dg.4503/ecf34a1e-e4b0-4ffc-b60c-ccc7180b9ef6	08bb4a0d72d139bc095a88948eda101d	drs://dg.4503/ecf34a1e-e4b0-4ffc-b60c-ccc7180b9ef6	open_access-1000Genomes	validated	9e4afc7a-3644-4db6-b7b0-c7ebc15c37da	NA19384_crai	2021-05-05T21:04:17.822350+00:00
06a54e87-9b97-49e9-8818-cc2d42d276ef	2020-10-07T14:07:26.946072+00:00	Sequencing Data	CRAI	Aligned Reads Index	CRAI	c4311fe2d2868308fb7d490972021985	NA19378.final.cram.crai	1267088	registered	Aligned Reads Index	drs://dg.4503:dg.4503/2a0795dd-d61e-458c-a397-6c0886e4ca1f	c4311fe2d2868308fb7d490972021985	drs://dg.4503/2a0795dd-d61e-458c-a397-6c0886e4ca1f	open_access-1000Genomes	validated	aa7b41dc-9cd1-42c5-b090-adb46ee643b9	NA19378_crai	2021-05-05T21:04:17.822350+00:00
06b456c1-6016-4972-a7ba-9e30ac85a2c4	2020-10-07T14:06:44.972689+00:00	Sequencing Data	CRAI	Aligned Reads Index	CRAI	2fed913127529efc97840b8b15d8e27e	HG03978.final.cram.crai	1319415	registered	Aligned Reads Index	drs://dg.4503:dg.4503/a08703c5-dcdd-4c35-bc51-1a4207657e38	2fed913127529efc97840b8b15d8e27e	drs://dg.4503/a08703c5-dcdd-4c35-bc51-1a4207657e38	open_access-1000Genomes	validated	fb58226f-7544-4a25-828e-f5c41defe489	HG03978_crai	2021-05-05T21:04:17.822350+00:00
06c0aa0e-71dd-4c63-8171-5a81933428aa	2020-10-07T14:07:32.650539+00:00	Sequencing Data	CRAI	Aligned Reads Index	CRAI	9cf0280142934057c52dc54c96c70ef5	NA19429.final.cram.crai	1384042	registered	Aligned Reads Index	drs://dg.4503:dg.4503/1c7600bc-b301-4162-9a60-859ac2fa9570	9cf0280142934057c52dc54c96c70ef5	drs://dg.4503/1c7600bc-b301-4162-9a60-859ac2fa9570	open_access-1000Genomes	validated	9dbe3829-a4fd-428d-bc93-f4e5ad170201	NA19429_crai	2021-05-05T21:04:17.822350+00:00
06dbd835-0258-496d-bf87-0e901f6ec7b4	2020-10-07T14:06:36.629480+00:00	Sequencing Data	CRAI	Aligned Reads Index	CRAI	df23dde729882eb36d1ce87b605e1d20	HG03792.final.cram.crai	1375199	registered	Aligned Reads Index	drs://dg.4503:dg.4503/49b7354a-4488-439c-a36a-b6f7a8a1d738	df23dde729882eb36d1ce87b605e1d20	drs://dg.4503/49b7354a-4488-439c-a36a-b6f7a8a1d738	open_access-1000Genomes	validated	d3c8c3c7-62e7-47f1-863f-9126fa7cf1ff	HG03792_crai	2021-05-05T21:04:17.822350+00:00
06e2b54a-68e1-4b73-8239-d939da7d8226	2020-10-07T14:08:39.269435+00:00	Sequencing Data	CRAI	Aligned Reads Index	CRAI	f22be780c676ce7b22fed5dae236abff	NA10859.final.cram.crai	1386083	registered	Aligned Reads Index	drs://dg.4503:dg.4503/673c5cf9-a50a-4076-8b51-806fae302783	f22be780c676ce7b22fed5dae236abff	drs://dg.4503/673c5cf9-a50a-4076-8b51-806fae302783	open_access-1000Genomes	validated	2662b5f8-5a94-438f-86ca-9b207e594324	NA10859_crai	2021-05-05T21:04:17.822350+00:00
06e477a4-7583-4f83-ae7f-82b1c0d127f7	2020-10-07T14:08:32.360265+00:00	Sequencing Data	CRAI	Aligned Reads Index	CRAI	5037538dbaa24ba1cbc2c118ee0e007b	NA07435.final.cram.crai	1412732	registered	Aligned Reads Index	drs://dg.4503:dg.4503/a52182c5-639d-4972-969b-f1f29c0dd761	5037538dbaa24ba1cbc2c118ee0e007b	drs://dg.4503/a52182c5-639d-4972-969b-f1f29c0dd761	open_access-1000Genomes	validated	639edbfd-6f99-4068-a626-8afa6e644147	NA07435_crai	2021-05-05T21:04:17.822350+00:00
06ed3dac-c327-4b60-a507-6af111a0d54b	2020-10-07T14:06:08.747620+00:00	Sequencing Data	CRAI	Aligned Reads Index	CRAI	c21ac57e87bc92e467c25127b6032f5a	HG02943.final.cram.crai	1343911	registered	Aligned Reads Index	drs://dg.4503:dg.4503/e220f9ed-09ce-47c5-ae47-5949020c91ed	c21ac57e87bc92e467c25127b6032f5a	drs://dg.4503/e220f9ed-09ce-47c5-ae47-5949020c91ed	open_access-1000Genomes	validated	56378e7a-363f-404a-bd00-94508271aa7f	HG02943_crai	2021-05-05T21:04:17.822350+00:00
06f3ac40-c8da-4990-92a5-817588f1dbda	2020-10-07T14:06:08.629726+00:00	Sequencing Data	CRAI	Aligned Reads Index	CRAI	60f7a7bb696530e0d7759053d57fb510	HG02494.final.cram.crai	1427419	registered	Aligned Reads Index	drs://dg.4503:dg.4503/903e4da3-6120-42b9-8493-79ecd29eef16	60f7a7bb696530e0d7759053d57fb510	drs://dg.4503/903e4da3-6120-42b9-8493-79ecd29eef16	open_access-1000Genomes	validated	d9aeb506-a502-4e0f-bceb-7108cbc623fb	HG02494_crai	2021-05-05T21:04:17.822350+00:00
06f998e4-f2b6-40fb-93ee-5523613af803	2020-10-07T14:07:05.495211+00:00	Sequencing Data	CRAI	Aligned Reads Index	CRAI	75cdae2b61d298e41e3243109382b5a3	NA18538.final.cram.crai	1727164	registered	Aligned Reads Index	drs://dg.4503:dg.4503/0781ec51-5c76-49cc-bedf-a3d1bb0d88ab	75cdae2b61d298e41e3243109382b5a3	drs://dg.4503/0781ec51-5c76-49cc-bedf-a3d1bb0d88ab	open_access-1000Genomes	validated	54ef2d8a-6b7d-43e0-90db-6f62e6250910	NA18538_crai	2021-05-05T21:04:17.822350+00:00
0702133f-f944-438d-8c35-03b8f3fa35b0	2020-10-07T14:08:18.204673+00:00	Sequencing Data	CRAI	Aligned Reads Index	CRAI	c9be1ee7277eb791971eb1e5ca9b4f24	HG03035.final.cram.crai	1221147	registered	Aligned Reads Index	drs://dg.4503:dg.4503/f8cd4a44-ef13-426b-92b6-2a74693542cc	c9be1ee7277eb791971eb1e5ca9b4f24	drs://dg.4503/f8cd4a44-ef13-426b-92b6-2a74693542cc	open_access-1000Genomes	validated	0f31c352-b32b-493d-9dad-0dd612400c61	HG03035_crai	2021-05-05T21:04:17.822350+00:00
07331c06-a905-47c9-ab2a-9b8dfedc3fe2	2020-10-07T14:08:18.204673+00:00	Sequencing Data	CRAI	Aligned Reads Index	CRAI	19318da3ce80707e18f0b504cff141e2	HG03164.final.cram.crai	1419061	registered	Aligned Reads Index	drs://dg.4503:dg.4503/ec3ec0d2-60a1-4cb4-aaae-6bf4bce62d33	19318da3ce80707e18f0b504cff141e2	drs://dg.4503/ec3ec0d2-60a1-4cb4-aaae-6bf4bce62d33	open_access-1000Genomes	validated	4fbf3da9-6a4c-4088-876c-a6d73b45c713	HG03164_crai	2021-05-05T21:04:17.822350+00:00
074c8698-1f1e-44ac-8e00-eb3bbb1f7797	2020-10-07T14:07:34.051570+00:00	Sequencing Data	CRAI	Aligned Reads Index	CRAI	9b397e8dc842a7a60081e8b664c980b3	NA20515.final.cram.crai	1296256	registered	Aligned Reads Index	drs://dg.4503:dg.4503/33c70b5a-58bc-4b26-b884-0981b2d72646	9b397e8dc842a7a60081e8b664c980b3	drs://dg.4503/33c70b5a-58bc-4b26-b884-0981b2d72646	open_access-1000Genomes	validated	cad26faf-470a-4f1d-94dd-6f893ca0b157	NA20515_crai	2021-05-05T21:04:17.822350+00:00
07538c05-dd23-455d-8579-bc0921e921ad	2020-10-07T14:06:01.134923+00:00	Sequencing Data	CRAI	Aligned Reads Index	CRAI	107c73622cf063e0d96875bbb3a7cb53	HG02721.final.cram.crai	1348031	registered	Aligned Reads Index	drs://dg.4503:dg.4503/9e965557-dcd6-43f1-af14-034e5eab557a	107c73622cf063e0d96875bbb3a7cb53	drs://dg.4503/9e965557-dcd6-43f1-af14-034e5eab557a	open_access-1000Genomes	validated	b706b02b-b5e7-40f0-a9f0-688b8f4a3f97	HG02721_crai	2021-05-05T21:04:17.822350+00:00
07548442-6416-42ca-a730-503f089b90ea	2020-10-07T14:05:46.799836+00:00	Sequencing Data	CRAI	Aligned Reads Index	CRAI	41148c6acc04133a8a8b8b8c5dadb250	HG02082.final.cram.crai	1245584	registered	Aligned Reads Index	drs://dg.4503:dg.4503/831bf714-ba82-42db-813a-9c151038c3f4	41148c6acc04133a8a8b8b8c5dadb250	drs://dg.4503/831bf714-ba82-42db-813a-9c151038c3f4	open_access-1000Genomes	validated	b02323ba-6140-4dac-ac6d-920d9fc7a35e	HG02082_crai	2021-05-05T21:04:17.822350+00:00
07565773-33e7-42e0-948e-274343c34a6d	2020-10-07T14:07:33.632802+00:00	Sequencing Data	CRAI	Aligned Reads Index	CRAI	5c03bb597acea012e708ad70938e0a77	NA19655.final.cram.crai	1390278	registered	Aligned Reads Index	drs://dg.4503:dg.4503/079d97f7-af44-4a12-ac8c-8cf84ef0619d	5c03bb597acea012e708ad70938e0a77	drs://dg.4503/079d97f7-af44-4a12-ac8c-8cf84ef0619d	open_access-1000Genomes	validated	03b49162-2ca2-49a3-8936-9b28e22e3457	NA19655_crai	2021-05-05T21:04:20.520073+00:00
07771175-40c5-4b5b-a118-4131e5462a29	2020-10-07T14:07:11.690268+00:00	Sequencing Data	CRAI	Aligned Reads Index	CRAI	25528c99454084c60053f85de8ac740a	NA18967.final.cram.crai	1430508	registered	Aligned Reads Index	drs://dg.4503:dg.4503/0cf5ab5f-6cad-4775-afb4-5dee13de2d04	25528c99454084c60053f85de8ac740a	drs://dg.4503/0cf5ab5f-6cad-4775-afb4-5dee13de2d04	open_access-1000Genomes	validated	597ecd39-cc56-4a92-b66e-b3dcf0eb5a9d	NA18967_crai	2021-05-05T21:04:20.520073+00:00
078aa78b-d842-4727-b2b5-83d88abf5795	2020-10-07T14:06:00.905117+00:00	Sequencing Data	CRAI	Aligned Reads Index	CRAI	e9c3f370b279f20aef9711a59dbd1e8c	HG02356.final.cram.crai	1323174	registered	Aligned Reads Index	drs://dg.4503:dg.4503/d56cdc18-53cd-4910-8ee3-080a06108f5a	e9c3f370b279f20aef9711a59dbd1e8c	drs://dg.4503/d56cdc18-53cd-4910-8ee3-080a06108f5a	open_access-1000Genomes	validated	9923969b-0e9e-4e99-86eb-a721aa52424c	HG02356_crai	2021-05-05T21:04:20.520073+00:00
07a04d6f-07b0-4c45-aa58-be07f70b42f5	2020-10-07T14:06:51.088660+00:00	Sequencing Data	CRAI	Aligned Reads Index	CRAI	4760cfee1765ce4f77ae14e5b36a97f8	NA12249.final.cram.crai	1518207	registered	Aligned Reads Index	drs://dg.4503:dg.4503/b0832869-44af-410a-abbe-ce48cc8d9ec4	4760cfee1765ce4f77ae14e5b36a97f8	drs://dg.4503/b0832869-44af-410a-abbe-ce48cc8d9ec4	open_access-1000Genomes	validated	0c6e5274-ea46-40b7-b1f6-11a3dad187c7	NA12249_crai	2021-05-05T21:04:20.520073+00:00
07a23852-43f8-48ed-b447-dff66927d528	2020-10-07T14:07:55.223342+00:00	Sequencing Data	CRAI	Aligned Reads Index	CRAI	bdee95dd6ce0197031937cfa1397668e	HG00741.final.cram.crai	1410988	registered	Aligned Reads Index	drs://dg.4503:dg.4503/15c2225b-4d41-4413-b0af-bdc0ac69e517	bdee95dd6ce0197031937cfa1397668e	drs://dg.4503/15c2225b-4d41-4413-b0af-bdc0ac69e517	open_access-1000Genomes	validated	cae20514-bb94-4c74-b10d-0a57bdc26ecb	HG00741_crai	2021-05-05T21:04:20.520073+00:00
07a2f08b-29ef-4cb6-8741-3fab83fe7b5f	2020-10-07T14:05:38.530502+00:00	Sequencing Data	CRAI	Aligned Reads Index	CRAI	8db443d35461dc6af001fd043db72b7e	HG01536.final.cram.crai	1408601	registered	Aligned Reads Index	drs://dg.4503:dg.4503/778d611a-c2b6-4c5a-b5d5-811ccd749217	8db443d35461dc6af001fd043db72b7e	drs://dg.4503/778d611a-c2b6-4c5a-b5d5-811ccd749217	open_access-1000Genomes	validated	76821528-9902-4e34-b39d-7217e10e0ee1	HG01536_crai	2021-05-05T21:04:20.520073+00:00
07c86a7c-0931-4deb-af3a-8df2dfc598e9	2020-10-07T14:06:08.629726+00:00	Sequencing Data	CRAI	Aligned Reads Index	CRAI	4d9ab81b5f17de4e25c4808a398034fe	HG02562.final.cram.crai	1562371	registered	Aligned Reads Index	drs://dg.4503:dg.4503/6758a058-ac18-4594-bde4-c0df52e59810	4d9ab81b5f17de4e25c4808a398034fe	drs://dg.4503/6758a058-ac18-4594-bde4-c0df52e59810	open_access-1000Genomes	validated	1ad94f0a-46fa-4f79-89b6-11083b53fe3a	HG02562_crai	2021-05-05T21:04:20.520073+00:00
07ceed93-edeb-4d15-a9fb-ea1aa4df2d18	2020-10-07T14:05:46.721974+00:00	Sequencing Data	CRAI	Aligned Reads Index	CRAI	5cfb91bff69974626cd3756df796d56f	HG01935.final.cram.crai	1468861	registered	Aligned Reads Index	drs://dg.4503:dg.4503/0e536aea-5462-47a0-934f-392df02185df	5cfb91bff69974626cd3756df796d56f	drs://dg.4503/0e536aea-5462-47a0-934f-392df02185df	open_access-1000Genomes	validated	be2fd083-4a30-4e19-9991-0823cee7446d	HG01935_crai	2021-05-05T21:04:20.520073+00:00
07dfe5a1-0d7a-4e65-a356-d4a8659112f7	2020-10-07T14:07:18.567403+00:00	Sequencing Data	CRAI	Aligned Reads Index	CRAI	ca147ca16e8d71055ea099650a3105b9	NA19058.final.cram.crai	1340941	registered	Aligned Reads Index	drs://dg.4503:dg.4503/9e3f1f0c-d133-4d91-a590-92e3b902dee9	ca147ca16e8d71055ea099650a3105b9	drs://dg.4503/9e3f1f0c-d133-4d91-a590-92e3b902dee9	open_access-1000Genomes	validated	77dde1d9-8931-4955-8cdd-cef4f727b42a	NA19058_crai	2021-05-05T21:04:20.520073+00:00
07efb255-54bc-44d2-9187-ac08f54c4948	2020-10-07T14:08:46.263150+00:00	Sequencing Data	CRAI	Aligned Reads Index	CRAI	5ce72d1e551e77cfe3df203d6a0f64b7	NA19123.final.cram.crai	1321506	registered	Aligned Reads Index	drs://dg.4503:dg.4503/6ca3f33c-a848-484b-a8e5-634fdc1a0d82	5ce72d1e551e77cfe3df203d6a0f64b7	drs://dg.4503/6ca3f33c-a848-484b-a8e5-634fdc1a0d82	open_access-1000Genomes	validated	e110011f-38a1-4f6f-9e25-670b3cf0120a	NA19123_crai	2021-05-05T21:04:20.520073+00:00